level_set,level,instance_index,seed,sample_index,d,k,M,rho,n_obs,n_int,noise_var,budget_slack,sampled_edges,expected_f1,midpoint_envelope,directed_f1,dag_shd
v0_like_density_probe,0,0,20260427,0,4,3,6,0.5,50,25,0.5,2,4,0.21522108843537416,0.25,0.0,5.0
v0_like_density_probe,0,0,20260427,1,4,3,6,0.5,50,25,0.5,2,2,0.21522108843537416,0.25,0.0,4.0
v0_like_density_probe,0,0,20260427,2,4,3,6,0.5,50,25,0.5,2,2,0.21522108843537416,0.25,0.0,4.0
v0_like_density_probe,0,0,20260427,3,4,3,6,0.5,50,25,0.5,2,1,0.21522108843537416,0.25,0.0,3.0
v0_like_density_probe,0,0,20260427,4,4,3,6,0.5,50,25,0.5,2,6,0.21522108843537416,0.25,0.4444444444444444,4.0
v0_like_density_probe,0,1,20260428,0,4,3,6,0.5,50,25,0.5,2,3,0.21522108843537416,0.25,0.0,5.0
v0_like_density_probe,0,1,20260428,1,4,3,6,0.5,50,25,0.5,2,2,0.21522108843537416,0.25,0.4,3.0
v0_like_density_probe,0,1,20260428,2,4,3,6,0.5,50,25,0.5,2,3,0.21522108843537416,0.25,0.3333333333333333,3.0
v0_like_density_probe,0,1,20260428,3,4,3,6,0.5,50,25,0.5,2,2,0.21522108843537416,0.25,0.0,4.0
v0_like_density_probe,0,1,20260428,4,4,3,6,0.5,50,25,0.5,2,6,0.21522108843537416,0.25,0.2222222222222222,5.0
v0_like_density_probe,1,0,20360427,0,6,6,15,0.4,25,15,1.0,1,15,0.1956961942855906,0.22222222222222224,0.28571428571428575,12.0
v0_like_density_probe,1,0,20360427,1,6,6,15,0.4,25,15,1.0,1,0,0.1956961942855906,0.22222222222222224,0.0,6.0
v0_like_density_probe,1,0,20360427,2,6,6,15,0.4,25,15,1.0,1,12,0.1956961942855906,0.22222222222222224,0.2222222222222222,12.0
v0_like_density_probe,1,0,20360427,3,6,6,15,0.4,25,15,1.0,1,0,0.1956961942855906,0.22222222222222224,0.0,6.0
v0_like_density_probe,1,0,20360427,4,6,6,15,0.4,25,15,1.0,1,12,0.1956961942855906,0.22222222222222224,0.4444444444444444,8.0
v0_like_density_probe,1,1,20360428,0,6,6,15,0.4,25,15,1.0,1,10,0.1956961942855906,0.22222222222222224,0.125,12.0
v0_like_density_probe,1,1,20360428,1,6,6,15,0.4,25,15,1.0,1,8,0.1956961942855906,0.22222222222222224,0.28571428571428575,7.0
v0_like_density_probe,1,1,20360428,2,6,6,15,0.4,25,15,1.0,1,0,0.1956961942855906,0.22222222222222224,0.0,6.0
v0_like_density_probe,1,1,20360428,3,6,6,15,0.4,25,15,1.0,1,12,0.1956961942855906,0.22222222222222224,0.3333333333333333,9.0
v0_like_density_probe,1,1,20360428,4,6,6,15,0.4,25,15,1.0,1,12,0.1956961942855906,0.22222222222222224,0.1111111111111111,13.0
v0_like_density_probe,2,0,20460427,0,8,9,28,0.32142857142857145,25,15,1.0,1,14,0.17342111384467196,0.1956521739130435,0.0,20.0
v0_like_density_probe,2,0,20460427,1,8,9,28,0.32142857142857145,25,15,1.0,1,14,0.17342111384467196,0.1956521739130435,0.43478260869565216,13.0
v0_like_density_probe,2,0,20460427,2,8,9,28,0.32142857142857145,25,15,1.0,1,6,0.17342111384467196,0.1956521739130435,0.26666666666666666,11.0
v0_like_density_probe,2,0,20460427,3,8,9,28,0.32142857142857145,25,15,1.0,1,26,0.17342111384467196,0.1956521739130435,0.17142857142857146,24.0
v0_like_density_probe,2,0,20460427,4,8,9,28,0.32142857142857145,25,15,1.0,1,14,0.17342111384467196,0.1956521739130435,0.08695652173913043,20.0
v0_like_density_probe,2,1,20460428,0,8,9,28,0.32142857142857145,25,15,1.0,1,8,0.17342111384467196,0.1956521739130435,0.11764705882352941,13.0
v0_like_density_probe,2,1,20460428,1,8,9,28,0.32142857142857145,25,15,1.0,1,2,0.17342111384467196,0.1956521739130435,0.0,11.0
v0_like_density_probe,2,1,20460428,2,8,9,28,0.32142857142857145,25,15,1.0,1,25,0.17342111384467196,0.1956521739130435,0.29411764705882354,21.0
v0_like_density_probe,2,1,20460428,3,8,9,28,0.32142857142857145,25,15,1.0,1,24,0.17342111384467196,0.1956521739130435,0.12121212121212122,25.0
v0_like_density_probe,2,1,20460428,4,8,9,28,0.32142857142857145,25,15,1.0,1,9,0.17342111384467196,0.1956521739130435,0.1111111111111111,14.0
v0_like_density_probe,3,0,20560427,0,10,12,45,0.26666666666666666,25,15,1.0,1,5,0.15472678008892696,0.1739130434782609,0.23529411764705882,12.0
v0_like_density_probe,3,0,20560427,1,10,12,45,0.26666666666666666,25,15,1.0,1,45,0.15472678008892696,0.1739130434782609,0.2105263157894737,39.0
v0_like_density_probe,3,0,20560427,2,10,12,45,0.26666666666666666,25,15,1.0,1,12,0.15472678008892696,0.1739130434782609,0.0,24.0
v0_like_density_probe,3,0,20560427,3,10,12,45,0.26666666666666666,25,15,1.0,1,0,0.15472678008892696,0.1739130434782609,0.0,12.0
v0_like_density_probe,3,0,20560427,4,10,12,45,0.26666666666666666,25,15,1.0,1,42,0.15472678008892696,0.1739130434782609,0.14814814814814814,39.0
v0_like_density_probe,3,1,20560428,0,10,12,45,0.26666666666666666,25,15,1.0,1,19,0.15472678008892696,0.1739130434782609,0.06451612903225808,25.0
v0_like_density_probe,3,1,20560428,1,10,12,45,0.26666666666666666,25,15,1.0,1,30,0.15472678008892696,0.1739130434782609,0.19047619047619044,28.0
v0_like_density_probe,3,1,20560428,2,10,12,45,0.26666666666666666,25,15,1.0,1,7,0.15472678008892696,0.1739130434782609,0.0,17.0
v0_like_density_probe,3,1,20560428,3,10,12,45,0.26666666666666666,25,15,1.0,1,37,0.15472678008892696,0.1739130434782609,0.163265306122449,35.0
v0_like_density_probe,3,1,20560428,4,10,12,45,0.26666666666666666,25,15,1.0,1,25,0.15472678008892696,0.1739130434782609,0.10810810810810811,30.0
v0_like_density_probe,4,0,20660427,0,12,14,66,0.21212121212121213,25,15,1.0,1,56,0.13298785104769217,0.14893617021276595,0.1142857142857143,57.0
v0_like_density_probe,4,0,20660427,1,12,14,66,0.21212121212121213,25,15,1.0,1,38,0.13298785104769217,0.14893617021276595,0.23076923076923078,34.0
v0_like_density_probe,4,0,20660427,2,12,14,66,0.21212121212121213,25,15,1.0,1,65,0.13298785104769217,0.14893617021276595,0.2278481012658228,56.0
v0_like_density_probe,4,0,20660427,3,12,14,66,0.21212121212121213,25,15,1.0,1,28,0.13298785104769217,0.14893617021276595,0.047619047619047616,37.0
v0_like_density_probe,4,0,20660427,4,12,14,66,0.21212121212121213,25,15,1.0,1,40,0.13298785104769217,0.14893617021276595,0.2222222222222222,39.0
v0_like_density_probe,4,1,20660428,0,12,14,66,0.21212121212121213,25,15,1.0,1,44,0.13298785104769217,0.14893617021276595,0.034482758620689655,45.0
v0_like_density_probe,4,1,20660428,1,12,14,66,0.21212121212121213,25,15,1.0,1,63,0.13298785104769217,0.14893617021276595,0.12987012987012986,59.0
v0_like_density_probe,4,1,20660428,2,12,14,66,0.21212121212121213,25,15,1.0,1,6,0.13298785104769217,0.14893617021276595,0.1,18.0
v0_like_density_probe,4,1,20660428,3,12,14,66,0.21212121212121213,25,15,1.0,1,61,0.13298785104769217,0.14893617021276595,0.16000000000000003,56.0
v0_like_density_probe,4,1,20660428,4,12,14,66,0.21212121212121213,25,15,1.0,1,1,0.13298785104769217,0.14893617021276595,0.0,15.0
v0_like_density_probe,5,0,20760427,0,10,12,45,0.26666666666666666,15,10,1.5,0,39,0.15472678008892696,0.1739130434782609,0.2745098039215686,33.0
v0_like_density_probe,5,0,20760427,1,10,12,45,0.26666666666666666,15,10,1.5,0,33,0.15472678008892696,0.1739130434782609,0.3555555555555555,28.0
v0_like_density_probe,5,0,20760427,2,10,12,45,0.26666666666666666,15,10,1.5,0,37,0.15472678008892696,0.1739130434782609,0.0,40.0
v0_like_density_probe,5,0,20760427,3,10,12,45,0.26666666666666666,15,10,1.5,0,43,0.15472678008892696,0.1739130434782609,0.10909090909090909,41.0
v0_like_density_probe,5,0,20760427,4,10,12,45,0.26666666666666666,15,10,1.5,0,0,0.15472678008892696,0.1739130434782609,0.0,12.0
v0_like_density_probe,5,1,20760428,0,10,12,45,0.26666666666666666,15,10,1.5,0,44,0.15472678008892696,0.1739130434782609,0.14285714285714288,41.0
v0_like_density_probe,5,1,20760428,1,10,12,45,0.26666666666666666,15,10,1.5,0,31,0.15472678008892696,0.1739130434782609,0.3255813953488372,26.0
v0_like_density_probe,5,1,20760428,2,10,12,45,0.26666666666666666,15,10,1.5,0,34,0.15472678008892696,0.1739130434782609,0.1739130434782609,31.0
v0_like_density_probe,5,1,20760428,3,10,12,45,0.26666666666666666,15,10,1.5,0,14,0.15472678008892696,0.1739130434782609,0.23076923076923075,19.0
v0_like_density_probe,5,1,20760428,4,10,12,45,0.26666666666666666,15,10,1.5,0,9,0.15472678008892696,0.1739130434782609,0.09523809523809525,19.0
d7_grid,0,0,20260427,0,7,7,21,0.3333333333333333,50,15,1.0,1,4,0.17666367768538524,0.2,0.18181818181818182,9.0
d7_grid,0,0,20260427,1,7,7,21,0.3333333333333333,50,15,1.0,1,9,0.17666367768538524,0.2,0.125,11.0
d7_grid,0,0,20260427,2,7,7,21,0.3333333333333333,50,15,1.0,1,19,0.17666367768538524,0.2,0.23076923076923078,16.0
d7_grid,0,0,20260427,3,7,7,21,0.3333333333333333,50,15,1.0,1,7,0.17666367768538524,0.2,0.14285714285714285,11.0
d7_grid,0,0,20260427,4,7,7,21,0.3333333333333333,50,15,1.0,1,3,0.17666367768538524,0.2,0.2,8.0
d7_grid,0,1,20260428,0,7,7,21,0.3333333333333333,50,15,1.0,1,18,0.17666367768538524,0.2,0.24,16.0
d7_grid,0,1,20260428,1,7,7,21,0.3333333333333333,50,15,1.0,1,19,0.17666367768538524,0.2,0.23076923076923078,18.0
d7_grid,0,1,20260428,2,7,7,21,0.3333333333333333,50,15,1.0,1,7,0.17666367768538524,0.2,0.14285714285714285,10.0
d7_grid,0,1,20260428,3,7,7,21,0.3333333333333333,50,15,1.0,1,20,0.17666367768538524,0.2,0.4444444444444444,14.0
d7_grid,0,1,20260428,4,7,7,21,0.3333333333333333,50,15,1.0,1,17,0.17666367768538524,0.2,0.0,19.0
d7_grid,1,0,20360427,0,7,7,21,0.3333333333333333,25,15,1.0,1,6,0.17666367768538524,0.2,0.0,11.0
d7_grid,1,0,20360427,1,7,7,21,0.3333333333333333,25,15,1.0,1,6,0.17666367768538524,0.2,0.30769230769230765,9.0
d7_grid,1,0,20360427,2,7,7,21,0.3333333333333333,25,15,1.0,1,16,0.17666367768538524,0.2,0.08695652173913043,18.0
d7_grid,1,0,20360427,3,7,7,21,0.3333333333333333,25,15,1.0,1,21,0.17666367768538524,0.2,0.5,14.0
d7_grid,1,0,20360427,4,7,7,21,0.3333333333333333,25,15,1.0,1,16,0.17666367768538524,0.2,0.17391304347826086,15.0
d7_grid,1,1,20360428,0,7,7,21,0.3333333333333333,25,15,1.0,1,3,0.17666367768538524,0.2,0.2,8.0
d7_grid,1,1,20360428,1,7,7,21,0.3333333333333333,25,15,1.0,1,2,0.17666367768538524,0.2,0.0,9.0
d7_grid,1,1,20360428,2,7,7,21,0.3333333333333333,25,15,1.0,1,6,0.17666367768538524,0.2,0.0,12.0
d7_grid,1,1,20360428,3,7,7,21,0.3333333333333333,25,15,1.0,1,9,0.17666367768538524,0.2,0.5,8.0
d7_grid,1,1,20360428,4,7,7,21,0.3333333333333333,25,15,1.0,1,20,0.17666367768538524,0.2,0.14814814814814817,18.0
d7_grid,2,0,20460427,0,7,7,21,0.3333333333333333,15,15,1.0,1,9,0.17666367768538524,0.2,0.0,13.0
d7_grid,2,0,20460427,1,7,7,21,0.3333333333333333,15,15,1.0,1,3,0.17666367768538524,0.2,0.0,10.0
d7_grid,2,0,20460427,2,7,7,21,0.3333333333333333,15,15,1.0,1,8,0.17666367768538524,0.2,0.0,12.0
d7_grid,2,0,20460427,3,7,7,21,0.3333333333333333,15,15,1.0,1,16,0.17666367768538524,0.2,0.17391304347826086,15.0
d7_grid,2,0,20460427,4,7,7,21,0.3333333333333333,15,15,1.0,1,4,0.17666367768538524,0.2,0.0,9.0
d7_grid,2,1,20460428,0,7,7,21,0.3333333333333333,15,15,1.0,1,20,0.17666367768538524,0.2,0.14814814814814817,18.0
d7_grid,2,1,20460428,1,7,7,21,0.3333333333333333,15,15,1.0,1,6,0.17666367768538524,0.2,0.15384615384615383,9.0
d7_grid,2,1,20460428,2,7,7,21,0.3333333333333333,15,15,1.0,1,8,0.17666367768538524,0.2,0.39999999999999997,9.0
d7_grid,2,1,20460428,3,7,7,21,0.3333333333333333,15,15,1.0,1,14,0.17666367768538524,0.2,0.19047619047619047,14.0
d7_grid,2,1,20460428,4,7,7,21,0.3333333333333333,15,15,1.0,1,8,0.17666367768538524,0.2,0.26666666666666666,11.0
d7_grid,3,0,20560427,0,7,6,21,0.2857142857142857,50,15,1.0,1,3,0.16040596727905854,0.18181818181818182,0.0,7.0
d7_grid,3,0,20560427,1,7,6,21,0.2857142857142857,50,15,1.0,1,3,0.16040596727905854,0.18181818181818182,0.2222222222222222,7.0
d7_grid,3,0,20560427,2,7,6,21,0.2857142857142857,50,15,1.0,1,10,0.16040596727905854,0.18181818181818182,0.5,8.0
d7_grid,3,0,20560427,3,7,6,21,0.2857142857142857,50,15,1.0,1,17,0.16040596727905854,0.18181818181818182,0.1739130434782609,16.0
d7_grid,3,0,20560427,4,7,6,21,0.2857142857142857,50,15,1.0,1,8,0.16040596727905854,0.18181818181818182,0.0,12.0
d7_grid,3,1,20560428,0,7,6,21,0.2857142857142857,50,15,1.0,1,17,0.16040596727905854,0.18181818181818182,0.1739130434782609,15.0
d7_grid,3,1,20560428,1,7,6,21,0.2857142857142857,50,15,1.0,1,19,0.16040596727905854,0.18181818181818182,0.16,18.0
d7_grid,3,1,20560428,2,7,6,21,0.2857142857142857,50,15,1.0,1,1,0.16040596727905854,0.18181818181818182,0.0,7.0
d7_grid,3,1,20560428,3,7,6,21,0.2857142857142857,50,15,1.0,1,1,0.16040596727905854,0.18181818181818182,0.0,7.0
d7_grid,3,1,20560428,4,7,6,21,0.2857142857142857,50,15,1.0,1,0,0.16040596727905854,0.18181818181818182,0.0,6.0
d7_grid,4,0,20660427,0,7,6,21,0.2857142857142857,25,15,1.0,1,4,0.16040596727905854,0.18181818181818182,0.2,7.0
d7_grid,4,0,20660427,1,7,6,21,0.2857142857142857,25,15,1.0,1,5,0.16040596727905854,0.18181818181818182,0.1818181818181818,9.0
d7_grid,4,0,20660427,2,7,6,21,0.2857142857142857,25,15,1.0,1,10,0.16040596727905854,0.18181818181818182,0.0,13.0
d7_grid,4,0,20660427,3,7,6,21,0.2857142857142857,25,15,1.0,1,20,0.16040596727905854,0.18181818181818182,0.23076923076923075,17.0
d7_grid,4,0,20660427,4,7,6,21,0.2857142857142857,25,15,1.0,1,16,0.16040596727905854,0.18181818181818182,0.36363636363636365,14.0
d7_grid,4,1,20660428,0,7,6,21,0.2857142857142857,25,15,1.0,1,11,0.16040596727905854,0.18181818181818182,0.0,15.0
d7_grid,4,1,20660428,1,7,6,21,0.2857142857142857,25,15,1.0,1,16,0.16040596727905854,0.18181818181818182,0.09090909090909091,17.0
d7_grid,4,1,20660428,2,7,6,21,0.2857142857142857,25,15,1.0,1,2,0.16040596727905854,0.18181818181818182,0.0,7.0
d7_grid,4,1,20660428,3,7,6,21,0.2857142857142857,25,15,1.0,1,19,0.16040596727905854,0.18181818181818182,0.16,18.0
d7_grid,4,1,20660428,4,7,6,21,0.2857142857142857,25,15,1.0,1,11,0.16040596727905854,0.18181818181818182,0.23529411764705885,10.0
d7_grid,5,0,20760427,0,7,6,21,0.2857142857142857,15,15,1.0,1,3,0.16040596727905854,0.18181818181818182,0.0,9.0
d7_grid,5,0,20760427,1,7,6,21,0.2857142857142857,15,15,1.0,1,7,0.16040596727905854,0.18181818181818182,0.30769230769230765,8.0
d7_grid,5,0,20760427,2,7,6,21,0.2857142857142857,15,15,1.0,1,7,0.16040596727905854,0.18181818181818182,0.15384615384615383,9.0
d7_grid,5,0,20760427,3,7,6,21,0.2857142857142857,15,15,1.0,1,11,0.16040596727905854,0.18181818181818182,0.11764705882352942,13.0
d7_grid,5,0,20760427,4,7,6,21,0.2857142857142857,15,15,1.0,1,7,0.16040596727905854,0.18181818181818182,0.30769230769230765,9.0
d7_grid,5,1,20760428,0,7,6,21,0.2857142857142857,15,15,1.0,1,14,0.16040596727905854,0.18181818181818182,0.4,11.0
d7_grid,5,1,20760428,1,7,6,21,0.2857142857142857,15,15,1.0,1,10,0.16040596727905854,0.18181818181818182,0.0,15.0
d7_grid,5,1,20760428,2,7,6,21,0.2857142857142857,15,15,1.0,1,9,0.16040596727905854,0.18181818181818182,0.13333333333333333,11.0
d7_grid,5,1,20760428,3,7,6,21,0.2857142857142857,15,15,1.0,1,12,0.16040596727905854,0.18181818181818182,0.0,16.0
d7_grid,5,1,20760428,4,7,6,21,0.2857142857142857,15,15,1.0,1,21,0.16040596727905854,0.18181818181818182,0.14814814814814814,19.0
