d,k,rho,dag_seed,n_obs,undirected_fraction,num_undirected_edges,min_abs_partial_correlation,cond_size_at_min,fisher_z_power
5,4,0.4,0,15,0.5,2,0.6358694049742082,1,0.7024683072333331
5,4,0.4,0,25,0.5,2,0.6358694049742082,1,0.9308971558657203
5,4,0.4,0,50,0.5,2,0.6358694049742082,1,0.9991406717734687
5,4,0.4,0,150,0.5,2,0.6358694049742082,1,0.9999999999994482
5,4,0.4,0,600,0.5,2,0.6358694049742082,1,1.0
5,4,0.4,1,15,0.5,2,0.4559668065185159,0,0.3993975045007544
5,4,0.4,1,25,0.5,2,0.4559668065185159,0,0.6363405600126436
5,4,0.4,1,50,0.5,2,0.4559668065185159,0,0.9213838004283043
5,4,0.4,1,150,0.5,2,0.4559668065185159,0,0.9999693481811199
5,4,0.4,1,600,0.5,2,0.4559668065185159,0,1.0
5,4,0.4,2,15,0.5,2,0.7300754530281475,1,0.8688160587354061
5,4,0.4,2,25,0.5,2,0.7300754530281475,1,0.9891831911067207
5,4,0.4,2,50,0.5,2,0.7300754530281475,1,0.9999928780417667
5,4,0.4,2,150,0.5,2,0.7300754530281475,1,1.0
5,4,0.4,2,600,0.5,2,0.7300754530281475,1,1.0
5,4,0.4,3,15,0.5,2,0.6559310389011929,1,0.7407642880811524
5,4,0.4,3,25,0.5,2,0.6559310389011929,1,0.949526826574846
5,4,0.4,3,50,0.5,2,0.6559310389011929,1,0.9996221000140186
5,4,0.4,3,150,0.5,2,0.6559310389011929,1,0.9999999999999752
5,4,0.4,3,600,0.5,2,0.6559310389011929,1,1.0
5,4,0.4,4,15,0.5,2,0.6898995480724228,1,0.8028239163380536
5,4,0.4,4,25,0.5,2,0.6898995480724228,1,0.972884001536841
5,4,0.4,4,50,0.5,2,0.6898995480724228,1,0.9999246313124127
5,4,0.4,4,150,0.5,2,0.6898995480724228,1,0.9999999999999999
5,4,0.4,4,600,0.5,2,0.6898995480724228,1,1.0
5,4,0.4,5,15,1.0,4,0.7341218636696218,0,0.9011286714173058
5,4,0.4,5,25,1.0,4,0.7341218636696218,0,0.9926117900803205
5,4,0.4,5,50,1.0,4,0.7341218636696218,0,0.9999960515598848
5,4,0.4,5,150,1.0,4,0.7341218636696218,0,1.0
5,4,0.4,5,600,1.0,4,0.7341218636696218,0,1.0
5,4,0.4,6,15,1.0,4,0.6648867976664279,0,0.7929185290622374
5,4,0.4,6,25,1.0,4,0.6648867976664279,0,0.9640307790855394
5,4,0.4,6,50,1.0,4,0.6648867976664279,0,0.9997961078418444
5,4,0.4,6,150,1.0,4,0.6648867976664279,0,0.9999999999999957
5,4,0.4,6,600,1.0,4,0.6648867976664279,0,1.0
5,4,0.4,7,15,1.0,4,0.5963838969296515,0,0.6633639356996766
5,4,0.4,7,25,1.0,4,0.5963838969296515,0,0.8970234877959375
5,4,0.4,7,50,1.0,4,0.5963838969296515,0,0.9970510880712058
5,4,0.4,7,150,1.0,4,0.5963838969296515,0,0.9999999999089504
5,4,0.4,7,600,1.0,4,0.5963838969296515,0,1.0
6,5,0.3333333333333333,0,15,0.6,3,0.634320295243271,1,0.6994787308556374
6,5,0.3333333333333333,0,25,0.6,3,0.634320295243271,1,0.9293014474195654
6,5,0.3333333333333333,0,50,0.6,3,0.634320295243271,1,0.9990876415458638
6,5,0.3333333333333333,0,150,0.6,3,0.634320295243271,1,0.9999999999993076
6,5,0.3333333333333333,0,600,0.6,3,0.634320295243271,1,1.0
6,5,0.3333333333333333,1,15,0.6,3,0.4559668065185159,1,0.3716463427651155
6,5,0.3333333333333333,1,25,0.6,3,0.4559668065185159,1,0.616237761077558
6,5,0.3333333333333333,1,50,0.6,3,0.4559668065185159,1,0.915952415510227
6,5,0.3333333333333333,1,150,0.6,3,0.4559668065185159,1,0.9999665997327339
6,5,0.3333333333333333,1,600,0.6,3,0.4559668065185159,1,1.0
6,5,0.3333333333333333,2,15,0.6,3,0.45586428189443584,0,0.39922436671781214
6,5,0.3333333333333333,2,25,0.6,3,0.45586428189443584,0,0.636112635725079
6,5,0.3333333333333333,2,50,0.6,3,0.45586428189443584,0,0.9212535368890551
6,5,0.3333333333333333,2,150,0.6,3,0.45586428189443584,0,0.9999691439352645
6,5,0.3333333333333333,2,600,0.6,3,0.45586428189443584,0,1.0
6,5,0.3333333333333333,3,15,0.6,3,0.6559310389011929,0,0.7768407300130586
6,5,0.3333333333333333,3,25,0.6,3,0.6559310389011929,0,0.9577368264472248
6,5,0.3333333333333333,3,50,0.6,3,0.6559310389011929,0,0.9996938434394921
6,5,0.3333333333333333,3,150,0.6,3,0.6559310389011929,0,0.9999999999999807
6,5,0.3333333333333333,3,600,0.6,3,0.6559310389011929,0,1.0
6,5,0.3333333333333333,4,15,0.6,3,0.6898995480724227,1,0.8028239163380535
6,5,0.3333333333333333,4,25,0.6,3,0.6898995480724227,1,0.9728840015368408
6,5,0.3333333333333333,4,50,0.6,3,0.6898995480724227,1,0.9999246313124127
6,5,0.3333333333333333,4,150,0.6,3,0.6898995480724227,1,0.9999999999999999
6,5,0.3333333333333333,4,600,0.6,3,0.6898995480724227,1,1.0
6,5,0.3333333333333333,5,15,0.6,3,0.4625455343928436,0,0.4105906732260743
6,5,0.3333333333333333,5,25,0.6,3,0.4625455343928436,0,0.650917756210434
6,5,0.3333333333333333,5,50,0.6,3,0.4625455343928436,0,0.9294353376743221
6,5,0.3333333333333333,5,150,0.6,3,0.4625455343928436,0,0.9999801156739809
6,5,0.3333333333333333,5,600,0.6,3,0.4625455343928436,0,1.0
6,5,0.3333333333333333,6,15,0.6,3,0.6648867976664281,1,0.7575313918085091
6,5,0.3333333333333333,6,25,0.6,3,0.6648867976664281,1,0.9566502878397491
6,5,0.3333333333333333,6,50,0.6,3,0.6648867976664281,1,0.9997457351585728
6,5,0.3333333333333333,6,150,0.6,3,0.6648867976664281,1,0.9999999999999944
6,5,0.3333333333333333,6,600,0.6,3,0.6648867976664281,1,1.0
6,5,0.3333333333333333,7,15,1.0,5,0.5004194762106011,0,0.47800005544303387
6,5,0.3333333333333333,7,25,1.0,5,0.5004194762106011,0,0.732086056515201
6,5,0.3333333333333333,7,50,1.0,5,0.5004194762106011,0,0.9648307520111562
6,5,0.3333333333333333,7,150,1.0,5,0.5004194762106011,0,0.9999987418353846
6,5,0.3333333333333333,7,600,1.0,5,0.5004194762106011,0,1.0
6,6,0.4,0,15,0.6666666666666666,4,0.6298767336833204,1,0.6908839173685213
6,6,0.4,0,25,0.6666666666666666,4,0.6298767336833204,1,0.9245976781793002
6,6,0.4,0,50,0.6666666666666666,4,0.6298767336833204,1,0.9989195526141976
6,6,0.4,0,150,0.6666666666666666,4,0.6298767336833204,1,0.9999999999986844
6,6,0.4,0,600,0.6666666666666666,4,0.6298767336833204,1,1.0
6,6,0.4,1,15,0.5,3,0.455966806518516,0,0.39939750450075473
6,6,0.4,1,25,0.5,3,0.455966806518516,0,0.6363405600126439
6,6,0.4,1,50,0.5,3,0.455966806518516,0,0.9213838004283046
6,6,0.4,1,150,0.5,3,0.455966806518516,0,0.9999693481811199
6,6,0.4,1,600,0.5,3,0.455966806518516,0,1.0
6,6,0.4,2,15,0.6666666666666666,4,0.6585141778987078,1,0.7456249753234382
6,6,0.4,2,25,0.6666666666666666,4,0.6585141778987078,1,0.9516554708063816
6,6,0.4,2,50,0.6666666666666666,4,0.6585141778987078,1,0.9996622511922735
6,6,0.4,2,150,0.6666666666666666,4,0.6585141778987078,1,0.9999999999999838
6,6,0.4,2,600,0.6666666666666666,4,0.6585141778987078,1,1.0
6,6,0.4,3,15,0.5,3,0.6954364139219916,0,0.8446245827347193
6,6,0.4,3,25,0.5,3,0.6954364139219916,0,0.9806011187150843
6,6,0.4,3,50,0.5,3,0.6954364139219916,0,0.999956632122594
6,6,0.4,3,150,0.5,3,0.6954364139219916,0,1.0
6,6,0.4,3,600,0.5,3,0.6954364139219916,0,1.0
6,6,0.4,4,15,0.3333333333333333,2,0.6187583759593116,3,0.582779014282137
6,6,0.4,4,25,0.3333333333333333,2,0.6187583759593116,3,0.8832672583803153
6,6,0.4,4,50,0.3333333333333333,2,0.6187583759593116,3,0.9977145441030983
6,6,0.4,4,150,0.3333333333333333,2,0.6187583759593116,3,0.9999999999906561
6,6,0.4,4,600,0.3333333333333333,2,0.6187583759593116,3,1.0
6,6,0.4,5,15,0.5,3,0.2829402643643656,2,0.1491384910647353
6,6,0.4,5,25,0.5,3,0.2829402643643656,2,0.254906153761462
6,6,0.4,5,50,0.5,3,0.2829402643643656,2,0.49652407070496335
6,6,0.4,5,150,0.5,3,0.2829402643643656,2,0.9385407777051938
6,6,0.4,5,600,0.5,3,0.2829402643643656,2,0.999999859113795
6,6,0.4,6,15,0.5,3,0.5237226824320664,2,0.45175066676808223
6,6,0.4,6,25,0.5,3,0.5237226824320664,2,0.7390388697066559
6,6,0.4,6,50,0.5,3,0.5237226824320664,2,0.9738441442993763
6,6,0.4,6,150,0.5,3,0.5237226824320664,2,0.9999997692810878
6,6,0.4,6,600,0.5,3,0.5237226824320664,2,1.0
6,6,0.4,7,15,0.3333333333333333,2,0.5004194762106011,1,0.4458054626320752
6,6,0.4,7,25,0.3333333333333333,2,0.5004194762106011,1,0.7122046065590137
6,6,0.4,7,50,0.3333333333333333,2,0.5004194762106011,1,0.9615869256107269
6,6,0.4,7,150,0.3333333333333333,2,0.5004194762106011,1,0.9999985939497585
6,6,0.4,7,600,0.3333333333333333,2,0.5004194762106011,1,1.0
7,6,0.2857142857142857,0,15,0.6666666666666666,4,0.5635474881230831,1,0.5620218411393064
7,6,0.2857142857142857,0,25,0.6666666666666666,4,0.5635474881230831,1,0.8324256077809151
7,6,0.2857142857142857,0,50,0.6666666666666666,4,0.5635474881230831,1,0.9910401784230333
7,6,0.2857142857142857,0,150,0.6666666666666666,4,0.5635474881230831,1,0.9999999955171569
7,6,0.2857142857142857,0,600,0.6666666666666666,4,0.5635474881230831,1,1.0
7,6,0.2857142857142857,1,15,0.6666666666666666,4,0.4559668065185159,0,0.3993975045007544
7,6,0.2857142857142857,1,25,0.6666666666666666,4,0.4559668065185159,0,0.6363405600126436
7,6,0.2857142857142857,1,50,0.6666666666666666,4,0.4559668065185159,0,0.9213838004283043
7,6,0.2857142857142857,1,150,0.6666666666666666,4,0.4559668065185159,0,0.9999693481811199
7,6,0.2857142857142857,1,600,0.6666666666666666,4,0.4559668065185159,0,1.0
7,6,0.2857142857142857,2,15,0.6666666666666666,4,0.45586428189443584,1,0.37148404531059015
7,6,0.2857142857142857,2,25,0.6666666666666666,4,0.45586428189443584,1,0.6160112406387154
7,6,0.2857142857142857,2,50,0.6666666666666666,4,0.45586428189443584,1,0.9158168871130956
7,6,0.2857142857142857,2,150,0.6666666666666666,4,0.45586428189443584,1,0.9999663789526415
7,6,0.2857142857142857,2,600,0.6666666666666666,4,0.45586428189443584,1,1.0
7,6,0.2857142857142857,3,15,0.5,3,0.6954364139219915,0,0.844624582734719
7,6,0.2857142857142857,3,25,0.5,3,0.6954364139219915,0,0.9806011187150842
7,6,0.2857142857142857,3,50,0.5,3,0.6954364139219915,0,0.999956632122594
7,6,0.2857142857142857,3,150,0.5,3,0.6954364139219915,0,1.0
7,6,0.2857142857142857,3,600,0.5,3,0.6954364139219915,0,1.0
7,6,0.2857142857142857,4,15,0.6666666666666666,4,0.6293412263075933,0,0.7272761334139239
7,6,0.2857142857142857,4,25,0.6666666666666666,4,0.6293412263075933,0,0.9347923352686034
7,6,0.2857142857142857,4,50,0.6666666666666666,4,0.6293412263075933,0,0.999081664021048
7,6,0.2857142857142857,4,150,0.6666666666666666,4,0.6293412263075933,0,0.9999999999988584
7,6,0.2857142857142857,4,600,0.6666666666666666,4,0.6293412263075933,0,1.0
7,6,0.2857142857142857,5,15,0.5,3,0.46254553439284385,2,0.3530488163618615
7,6,0.2857142857142857,5,25,0.5,3,0.46254553439284385,2,0.6097012881984352
7,6,0.2857142857142857,5,50,0.5,3,0.46254553439284385,2,0.9189123593529009
7,6,0.2857142857142857,5,150,0.5,3,0.46254553439284385,2,0.9999762290886196
7,6,0.2857142857142857,5,600,0.5,3,0.46254553439284385,2,1.0
7,6,0.2857142857142857,6,15,0.6666666666666666,4,0.6648867976664279,0,0.7929185290622374
7,6,0.2857142857142857,6,25,0.6666666666666666,4,0.6648867976664279,0,0.9640307790855394
7,6,0.2857142857142857,6,50,0.6666666666666666,4,0.6648867976664279,0,0.9997961078418444
7,6,0.2857142857142857,6,150,0.6666666666666666,4,0.6648867976664279,0,0.9999999999999957
7,6,0.2857142857142857,6,600,0.6666666666666666,4,0.6648867976664279,0,1.0
7,6,0.2857142857142857,7,15,0.6666666666666666,4,0.500419476210601,1,0.445805462632075
7,6,0.2857142857142857,7,25,0.6666666666666666,4,0.500419476210601,1,0.7122046065590135
7,6,0.2857142857142857,7,50,0.6666666666666666,4,0.500419476210601,1,0.9615869256107268
7,6,0.2857142857142857,7,150,0.6666666666666666,4,0.500419476210601,1,0.9999985939497585
7,6,0.2857142857142857,7,600,0.6666666666666666,4,0.500419476210601,1,1.0
7,7,0.3333333333333333,0,15,0.5714285714285714,4,0.550988657168485,2,0.5000060778786335
7,7,0.3333333333333333,0,25,0.5714285714285714,4,0.550988657168485,2,0.7915655103674739
7,7,0.3333333333333333,0,50,0.5714285714285714,4,0.550988657168485,2,0.9860175994378637
7,7,0.3333333333333333,0,150,0.5714285714285714,4,0.550988657168485,2,0.999999981374742
7,7,0.3333333333333333,0,600,0.5714285714285714,4,0.550988657168485,2,1.0
7,7,0.3333333333333333,1,15,0.42857142857142855,3,0.4559668065185159,0,0.3993975045007544
7,7,0.3333333333333333,1,25,0.42857142857142855,3,0.4559668065185159,0,0.6363405600126436
7,7,0.3333333333333333,1,50,0.42857142857142855,3,0.4559668065185159,0,0.9213838004283043
7,7,0.3333333333333333,1,150,0.42857142857142855,3,0.4559668065185159,0,0.9999693481811199
7,7,0.3333333333333333,1,600,0.42857142857142855,3,0.4559668065185159,0,1.0
7,7,0.3333333333333333,2,15,0.2857142857142857,2,0.684508090249065,1,0.7932837714639558
7,7,0.3333333333333333,2,25,0.2857142857142857,2,0.684508090249065,1,0.969820546252153
7,7,0.3333333333333333,2,50,0.2857142857142857,2,0.684508090249065,1,0.9999006101675249
7,7,0.3333333333333333,2,150,0.2857142857142857,2,0.684508090249065,1,0.9999999999999998
7,7,0.3333333333333333,2,600,0.2857142857142857,2,0.684508090249065,1,1.0
7,7,0.3333333333333333,3,15,0.2857142857142857,2,0.5677552002184214,1,0.5700961366211235
7,7,0.3333333333333333,3,25,0.2857142857142857,2,0.5677552002184214,1,0.8394377096853245
7,7,0.3333333333333333,3,50,0.2857142857142857,2,0.5677552002184214,1,0.9920071097003349
7,7,0.3333333333333333,3,150,0.2857142857142857,2,0.5677552002184214,1,0.9999999971269184
7,7,0.3333333333333333,3,600,0.2857142857142857,2,0.5677552002184214,1,1.0
7,7,0.3333333333333333,4,15,1.0,7,0.6898995480724225,0,0.8356601684719006
7,7,0.3333333333333333,4,25,1.0,7,0.6898995480724225,0,0.9781210132548975
7,7,0.3333333333333333,4,50,1.0,7,0.6898995480724225,0,0.9999414247112202
7,7,0.3333333333333333,4,150,1.0,7,0.6898995480724225,0,1.0
7,7,0.3333333333333333,4,600,1.0,7,0.6898995480724225,0,1.0
7,7,0.3333333333333333,5,15,0.42857142857142855,3,0.717095216140963,1,0.8485972649819487
7,7,0.3333333333333333,5,25,0.42857142857142855,3,0.717095216140963,1,0.9850671558258467
7,7,0.3333333333333333,5,50,0.42857142857142855,3,0.717095216140963,1,0.9999837535661384
7,7,0.3333333333333333,5,150,0.42857142857142855,3,0.717095216140963,1,1.0
7,7,0.3333333333333333,5,600,0.42857142857142855,3,0.717095216140963,1,1.0
7,7,0.3333333333333333,6,15,0.7142857142857143,5,0.6648867976664276,1,0.757531391808508
7,7,0.3333333333333333,6,25,0.7142857142857143,5,0.6648867976664276,1,0.9566502878397488
7,7,0.3333333333333333,6,50,0.7142857142857143,5,0.6648867976664276,1,0.9997457351585728
7,7,0.3333333333333333,6,150,0.7142857142857143,5,0.6648867976664276,1,0.9999999999999944
7,7,0.3333333333333333,6,600,0.7142857142857143,5,0.6648867976664276,1,1.0
7,7,0.3333333333333333,7,15,0.42857142857142855,3,0.5004194762106,3,0.3781408756926546
7,7,0.3333333333333333,7,25,0.42857142857142855,3,0.5004194762106,3,0.6688879775309018
7,7,0.3333333333333333,7,50,0.42857142857142855,3,0.5004194762106,3,0.9542398225388035
7,7,0.3333333333333333,7,150,0.42857142857142855,3,0.5004194762106,3,0.9999982446136584
7,7,0.3333333333333333,7,600,0.42857142857142855,3,0.5004194762106,3,1.0
7,8,0.38095238095238093,0,15,0.75,6,0.5372087150903393,1,0.5122666423978297
7,8,0.38095238095238093,0,25,0.75,6,0.5372087150903393,1,0.7854131657058445
7,8,0.38095238095238093,0,50,0.75,6,0.5372087150903393,1,0.9826117420252621
7,8,0.38095238095238093,0,150,0.75,6,0.5372087150903393,1,0.9999999396941593
7,8,0.38095238095238093,0,600,0.75,6,0.5372087150903393,1,1.0
7,8,0.38095238095238093,1,15,1.0,8,0.3915596407886019,1,0.2782417339515303
7,8,0.38095238095238093,1,25,1.0,8,0.3915596407886019,1,0.47431637723641945
7,8,0.38095238095238093,1,50,1.0,8,0.3915596407886019,1,0.8010797337439143
7,8,0.38095238095238093,1,150,1.0,8,0.3915596407886019,1,0.9988095324507512
7,8,0.38095238095238093,1,600,1.0,8,0.3915596407886019,1,0.9999999999999998
7,8,0.38095238095238093,2,15,0.375,3,0.6692223106082977,0,0.8005671580895781
7,8,0.38095238095238093,2,25,0.375,3,0.6692223106082977,0,0.9668319427914589
7,8,0.38095238095238093,2,50,0.375,3,0.6692223106082977,0,0.9998337360624241
7,8,0.38095238095238093,2,150,0.375,3,0.6692223106082977,0,0.999999999999998
7,8,0.38095238095238093,2,600,0.375,3,0.6692223106082977,0,1.0
7,8,0.38095238095238093,3,15,0.625,5,0.6889407690307087,2,0.7627334482772157
7,8,0.38095238095238093,3,25,0.625,5,0.6889407690307087,2,0.965861946380667
7,8,0.38095238095238093,3,50,0.625,5,0.6889407690307087,2,0.9998982985601585
7,8,0.38095238095238093,3,150,0.625,5,0.6889407690307087,2,0.9999999999999999
7,8,0.38095238095238093,3,600,0.625,5,0.6889407690307087,2,1.0
7,8,0.38095238095238093,4,15,0.375,3,0.6293412263075933,0,0.7272761334139239
7,8,0.38095238095238093,4,25,0.375,3,0.6293412263075933,0,0.9347923352686034
7,8,0.38095238095238093,4,50,0.375,3,0.6293412263075933,0,0.999081664021048
7,8,0.38095238095238093,4,150,0.375,3,0.6293412263075933,0,0.9999999999988584
7,8,0.38095238095238093,4,600,0.375,3,0.6293412263075933,0,1.0
7,8,0.38095238095238093,5,15,0.5,4,0.4669326589515854,1,0.38924565157085433
7,8,0.38095238095238093,5,25,0.5,4,0.4669326589515854,1,0.6403757843291007
7,8,0.38095238095238093,5,50,0.5,4,0.4669326589515854,1,0.9296040259586179
7,8,0.38095238095238093,5,150,0.5,4,0.4669326589515854,1,0.9999837892894067
7,8,0.38095238095238093,5,600,0.5,4,0.4669326589515854,1,1.0
7,8,0.38095238095238093,6,15,0.375,3,0.6420356992696278,1,0.7143285714715577
7,8,0.38095238095238093,6,25,0.375,3,0.6420356992696278,1,0.9370238470320137
7,8,0.38095238095238093,6,50,0.375,3,0.6420356992696278,1,0.9993262293681346
7,8,0.38095238095238093,6,150,0.375,3,0.6420356992696278,1,0.9999999999997803
7,8,0.38095238095238093,6,600,0.375,3,0.6420356992696278,1,1.0
7,8,0.38095238095238093,7,15,0.75,6,0.3721564393264701,1,0.2535320510374772
7,8,0.38095238095238093,7,25,0.75,6,0.3721564393264701,1,0.433084891057934
7,8,0.38095238095238093,7,50,0.75,6,0.3721564393264701,1,0.7553463192012322
7,8,0.38095238095238093,7,150,0.75,6,0.3721564393264701,1,0.9971415114663162
7,8,0.38095238095238093,7,600,0.75,6,0.3721564393264701,1,0.9999999999999832
8,7,0.25,0,15,0.42857142857142855,3,0.5635474881230831,0,0.5987797741787315
8,7,0.25,0,25,0.42857142857142855,3,0.5635474881230831,0,0.8491041078923008
8,7,0.25,0,50,0.42857142857142855,3,0.5635474881230831,0,0.9921119959147413
8,7,0.25,0,150,0.42857142857142855,3,0.5635474881230831,0,0.9999999961654592
8,7,0.25,0,600,0.42857142857142855,3,0.5635474881230831,0,1.0
8,7,0.25,1,15,0.42857142857142855,3,0.455966806518516,1,0.37164634276511577
8,7,0.25,1,25,0.42857142857142855,3,0.455966806518516,1,0.6162377610775583
8,7,0.25,1,50,0.42857142857142855,3,0.455966806518516,1,0.9159524155102272
8,7,0.25,1,150,0.42857142857142855,3,0.455966806518516,1,0.9999665997327339
8,7,0.25,1,600,0.42857142857142855,3,0.455966806518516,1,1.0
8,7,0.25,2,15,1.0,7,0.6675002256409579,0,0.7975401339157605
8,7,0.25,2,25,1.0,7,0.6675002256409579,0,0.965738130824542
8,7,0.25,2,50,1.0,7,0.6675002256409579,0,0.9998195973238846
8,7,0.25,2,150,1.0,7,0.6675002256409579,0,0.9999999999999972
8,7,0.25,2,600,1.0,7,0.6675002256409579,0,1.0
8,7,0.25,3,15,0.7142857142857143,5,0.6559310389011929,1,0.7407642880811524
8,7,0.25,3,25,0.7142857142857143,5,0.6559310389011929,1,0.949526826574846
8,7,0.25,3,50,0.7142857142857143,5,0.6559310389011929,1,0.9996221000140186
8,7,0.25,3,150,0.7142857142857143,5,0.6559310389011929,1,0.9999999999999752
8,7,0.25,3,600,0.7142857142857143,5,0.6559310389011929,1,1.0
8,7,0.25,4,15,0.42857142857142855,3,0.6898995480724225,0,0.8356601684719006
8,7,0.25,4,25,0.42857142857142855,3,0.6898995480724225,0,0.9781210132548975
8,7,0.25,4,50,0.42857142857142855,3,0.6898995480724225,0,0.9999414247112202
8,7,0.25,4,150,0.42857142857142855,3,0.6898995480724225,0,1.0
8,7,0.25,4,600,0.42857142857142855,3,0.6898995480724225,0,1.0
8,7,0.25,5,15,0.5714285714285714,4,0.4625455343928449,2,0.353048816361863
8,7,0.25,5,25,0.5714285714285714,4,0.4625455343928449,2,0.6097012881984376
8,7,0.25,5,50,0.5714285714285714,4,0.4625455343928449,2,0.9189123593529023
8,7,0.25,5,150,0.5714285714285714,4,0.4625455343928449,2,0.9999762290886196
8,7,0.25,5,600,0.5714285714285714,4,0.4625455343928449,2,1.0
8,7,0.25,6,15,0.5714285714285714,4,0.6648867976664279,0,0.7929185290622374
8,7,0.25,6,25,0.5714285714285714,4,0.6648867976664279,0,0.9640307790855394
8,7,0.25,6,50,0.5714285714285714,4,0.6648867976664279,0,0.9997961078418444
8,7,0.25,6,150,0.5714285714285714,4,0.6648867976664279,0,0.9999999999999957
8,7,0.25,6,600,0.5714285714285714,4,0.6648867976664279,0,1.0
8,7,0.25,7,15,0.2857142857142857,2,0.7550495096809655,1,0.9041520394033886
8,7,0.25,7,25,0.2857142857142857,2,0.7550495096809655,1,0.9946451570077551
8,7,0.25,7,50,0.2857142857142857,2,0.7550495096809655,1,0.9999988085735197
8,7,0.25,7,150,0.2857142857142857,2,0.7550495096809655,1,1.0
8,7,0.25,7,600,0.2857142857142857,2,0.7550495096809655,1,1.0
8,8,0.2857142857142857,0,15,0.25,2,0.5635474881230831,2,0.5229748575543279
8,8,0.2857142857142857,0,25,0.25,2,0.5635474881230831,2,0.8141604266294729
8,8,0.2857142857142857,0,50,0.25,2,0.5635474881230831,2,0.9898290398093476
8,8,0.2857142857142857,0,150,0.25,2,0.5635474881230831,2,0.9999999947600029
8,8,0.2857142857142857,0,600,0.25,2,0.5635474881230831,2,1.0
8,8,0.2857142857142857,1,15,0.5,4,0.6243402029699979,0,0.7177120511102961
8,8,0.2857142857142857,1,25,0.5,4,0.6243402029699979,0,0.9297358008902151
8,8,0.2857142857142857,1,50,0.5,4,0.6243402029699979,0,0.9988894969360862
8,8,0.2857142857142857,1,150,0.5,4,0.6243402029699979,0,0.999999999997679
8,8,0.2857142857142857,1,600,0.5,4,0.6243402029699979,0,1.0
8,8,0.2857142857142857,2,15,0.625,5,0.45586428189443584,0,0.39922436671781214
8,8,0.2857142857142857,2,25,0.625,5,0.45586428189443584,0,0.636112635725079
8,8,0.2857142857142857,2,50,0.625,5,0.45586428189443584,0,0.9212535368890551
8,8,0.2857142857142857,2,150,0.625,5,0.45586428189443584,0,0.9999691439352645
8,8,0.2857142857142857,2,600,0.625,5,0.45586428189443584,0,1.0
8,8,0.2857142857142857,3,15,0.375,3,0.6559310389011926,1,0.740764288081152
8,8,0.2857142857142857,3,25,0.375,3,0.6559310389011926,1,0.9495268265748458
8,8,0.2857142857142857,3,50,0.375,3,0.6559310389011926,1,0.9996221000140186
8,8,0.2857142857142857,3,150,0.375,3,0.6559310389011926,1,0.9999999999999752
8,8,0.2857142857142857,3,600,0.375,3,0.6559310389011926,1,1.0
8,8,0.2857142857142857,4,15,0.5,4,0.6293412263075931,0,0.7272761334139238
8,8,0.2857142857142857,4,25,0.5,4,0.6293412263075931,0,0.9347923352686033
8,8,0.2857142857142857,4,50,0.5,4,0.6293412263075931,0,0.999081664021048
8,8,0.2857142857142857,4,150,0.5,4,0.6293412263075931,0,0.9999999999988584
8,8,0.2857142857142857,4,600,0.5,4,0.6293412263075931,0,1.0
8,8,0.2857142857142857,5,15,0.25,2,0.24691125847842632,2,0.12247808834115936
8,8,0.2857142857142857,5,25,0.25,2,0.24691125847842632,2,0.2025788350782941
8,8,0.2857142857142857,5,50,0.25,2,0.24691125847842632,2,0.3940857086905087
8,8,0.2857142857142857,5,150,0.25,2,0.24691125847842632,2,0.859030361394987
8,8,0.2857142857142857,5,600,0.25,2,0.24691125847842632,2,0.9999860476454976
8,8,0.2857142857142857,6,15,0.5,4,0.6648867976664279,1,0.7575313918085087
8,8,0.2857142857142857,6,25,0.5,4,0.6648867976664279,1,0.956650287839749
8,8,0.2857142857142857,6,50,0.5,4,0.6648867976664279,1,0.9997457351585728
8,8,0.2857142857142857,6,150,0.5,4,0.6648867976664279,1,0.9999999999999944
8,8,0.2857142857142857,6,600,0.5,4,0.6648867976664279,1,1.0
8,8,0.2857142857142857,7,15,0.375,3,0.5004194762106013,1,0.44580546263207566
8,8,0.2857142857142857,7,25,0.375,3,0.5004194762106013,1,0.7122046065590143
8,8,0.2857142857142857,7,50,0.375,3,0.5004194762106013,1,0.961586925610727
8,8,0.2857142857142857,7,150,0.375,3,0.5004194762106013,1,0.9999985939497585
8,8,0.2857142857142857,7,600,0.375,3,0.5004194762106013,1,1.0
8,9,0.32142857142857145,0,15,0.3333333333333333,3,0.47669862481107367,3,0.3431600524650515
8,9,0.32142857142857145,0,25,0.3333333333333333,3,0.47669862481107367,3,0.6182971164586533
8,9,0.32142857142857145,0,50,0.3333333333333333,3,0.47669862481107367,3,0.930660026877512
8,9,0.32142857142857145,0,150,0.3333333333333333,3,0.47669862481107367,3,0.9999899814089643
8,9,0.32142857142857145,0,600,0.3333333333333333,3,0.47669862481107367,3,1.0
8,9,0.32142857142857145,1,15,0.4444444444444444,4,0.4559668065185159,0,0.3993975045007544
8,9,0.32142857142857145,1,25,0.4444444444444444,4,0.4559668065185159,0,0.6363405600126436
8,9,0.32142857142857145,1,50,0.4444444444444444,4,0.4559668065185159,0,0.9213838004283043
8,9,0.32142857142857145,1,150,0.4444444444444444,4,0.4559668065185159,0,0.9999693481811199
8,9,0.32142857142857145,1,600,0.4444444444444444,4,0.4559668065185159,0,1.0
8,9,0.32142857142857145,2,15,0.5555555555555556,5,0.6692223106082977,1,0.7655564184019161
8,9,0.32142857142857145,2,25,0.5555555555555556,5,0.6692223106082977,1,0.9598430044457188
8,9,0.32142857142857145,2,50,0.5555555555555556,5,0.6692223106082977,1,0.9997915921974911
8,9,0.32142857142857145,2,150,0.5555555555555556,5,0.6692223106082977,1,0.9999999999999973
8,9,0.32142857142857145,2,600,0.5555555555555556,5,0.6692223106082977,1,1.0
8,9,0.32142857142857145,3,15,0.3333333333333333,3,0.6559310389011928,1,0.7407642880811521
8,9,0.32142857142857145,3,25,0.3333333333333333,3,0.6559310389011928,1,0.9495268265748459
8,9,0.32142857142857145,3,50,0.3333333333333333,3,0.6559310389011928,1,0.9996221000140186
8,9,0.32142857142857145,3,150,0.3333333333333333,3,0.6559310389011928,1,0.9999999999999752
8,9,0.32142857142857145,3,600,0.3333333333333333,3,0.6559310389011928,1,1.0
8,9,0.32142857142857145,4,15,0.4444444444444444,4,0.4943987360665282,1,0.43533809788480504
8,9,0.32142857142857145,4,25,0.4444444444444444,4,0.4943987360665282,1,0.6995739035440924
8,9,0.32142857142857145,4,50,0.4444444444444444,4,0.4943987360665282,1,0.9568407901176514
8,9,0.32142857142857145,4,150,0.4444444444444444,4,0.4943987360665282,1,0.9999977562245771
8,9,0.32142857142857145,4,600,0.4444444444444444,4,0.4943987360665282,1,1.0
8,9,0.32142857142857145,5,15,0.4444444444444444,4,0.5383763205792715,2,0.4773939470498289
8,9,0.32142857142857145,5,25,0.4444444444444444,4,0.5383763205792715,2,0.7678132724438551
8,9,0.32142857142857145,5,50,0.4444444444444444,4,0.5383763205792715,2,0.9811212926570434
8,9,0.32142857142857145,5,150,0.4444444444444444,4,0.5383763205792715,2,0.9999999379891815
8,9,0.32142857142857145,5,600,0.4444444444444444,4,0.5383763205792715,2,1.0
8,9,0.32142857142857145,6,15,0.3333333333333333,3,0.5303579226176337,2,0.4632748399308851
8,9,0.32142857142857145,6,25,0.3333333333333333,3,0.5303579226176337,2,0.7522135414236117
8,9,0.32142857142857145,6,50,0.3333333333333333,3,0.5303579226176337,2,0.9773678442045285
8,9,0.32142857142857145,6,150,0.3333333333333333,3,0.5303579226176337,2,0.9999998713581699
8,9,0.32142857142857145,6,600,0.3333333333333333,3,0.5303579226176337,2,1.0
8,9,0.32142857142857145,7,15,0.5555555555555556,5,0.4101012601808549,3,0.2569538528621616
8,9,0.32142857142857145,7,25,0.5555555555555556,5,0.4101012601808549,3,0.47581973874694394
8,9,0.32142857142857145,7,50,0.5555555555555556,5,0.4101012601808549,3,0.8239080090315731
8,9,0.32142857142857145,7,150,0.5555555555555556,5,0.4101012601808549,3,0.9994600368996366
8,9,0.32142857142857145,7,600,0.5555555555555556,5,0.4101012601808549,3,1.0
8,10,0.35714285714285715,0,15,0.5,5,0.42998076069090096,4,0.25486874653381386
8,10,0.35714285714285715,0,25,0.5,5,0.42998076069090096,4,0.4964543459870192
8,10,0.35714285714285715,0,50,0.5,5,0.42998076069090096,4,0.8544303161064535
8,10,0.35714285714285715,0,150,0.5,5,0.42998076069090096,4,0.9997994190011824
8,10,0.35714285714285715,0,600,0.5,5,0.42998076069090096,4,1.0
8,10,0.35714285714285715,1,15,0.4,4,0.45596680651850746,2,0.34330237648015227
8,10,0.35714285714285715,1,25,0.4,4,0.45596680651850746,2,0.5953213540349545
8,10,0.35714285714285715,1,50,0.4,4,0.45596680651850746,2,0.9101800925059518
8,10,0.35714285714285715,1,150,0.4,4,0.45596680651850746,2,0.9999636085331592
8,10,0.35714285714285715,1,600,0.4,4,0.45596680651850746,2,1.0
8,10,0.35714285714285715,2,15,0.3,3,0.4448420703817724,2,0.32722078101447694
8,10,0.35714285714285715,2,25,0.3,3,0.4448420703817724,2,0.5709687266381546
8,10,0.35714285714285715,2,50,0.3,3,0.4448420703817724,2,0.894029050960023
8,10,0.35714285714285715,2,150,0.3,3,0.4448420703817724,2,0.9999273432447323
8,10,0.35714285714285715,2,600,0.3,3,0.4448420703817724,2,1.0
8,10,0.35714285714285715,3,15,0.4,4,0.6827043015762309,0,0.8237255966858208
8,10,0.35714285714285715,3,25,0.4,4,0.6827043015762309,0,0.9745665571648969
8,10,0.35714285714285715,3,50,0.4,4,0.6827043015762309,0,0.9999146213370794
8,10,0.35714285714285715,3,150,0.4,4,0.6827043015762309,0,0.9999999999999998
8,10,0.35714285714285715,3,600,0.4,4,0.6827043015762309,0,1.0
8,10,0.35714285714285715,4,15,0.4,4,0.6170758404486243,1,0.6660011693836356
8,10,0.35714285714285715,4,25,0.4,4,0.6170758404486243,1,0.9099947634970331
8,10,0.35714285714285715,4,50,0.4,4,0.6170758404486243,1,0.9982784791624115
8,10,0.35714285714285715,4,150,0.4,4,0.6170758404486243,1,0.9999999999922468
8,10,0.35714285714285715,4,600,0.4,4,0.6170758404486243,1,1.0
8,10,0.35714285714285715,5,15,0.3,3,0.512408585417187,2,0.43244807752615044
8,10,0.35714285714285715,5,25,0.3,3,0.512408585417187,2,0.7160755481000237
8,10,0.35714285714285715,5,50,0.3,3,0.512408585417187,2,0.9668814370664158
8,10,0.35714285714285715,5,150,0.3,3,0.512408585417187,2,0.9999993994738383
8,10,0.35714285714285715,5,600,0.3,3,0.512408585417187,2,1.0
8,10,0.35714285714285715,6,15,0.5,5,0.6420356992696278,1,0.7143285714715577
8,10,0.35714285714285715,6,25,0.5,5,0.6420356992696278,1,0.9370238470320137
8,10,0.35714285714285715,6,50,0.5,5,0.6420356992696278,1,0.9993262293681346
8,10,0.35714285714285715,6,150,0.5,5,0.6420356992696278,1,0.9999999999997803
8,10,0.35714285714285715,6,600,0.5,5,0.6420356992696278,1,1.0
8,10,0.35714285714285715,7,15,0.5,5,0.3701653817381356,2,0.23237237795747195
8,10,0.35714285714285715,7,25,0.5,5,0.3701653817381356,2,0.4121467860597162
8,10,0.35714285714285715,7,50,0.5,5,0.3701653817381356,2,0.7411655357334317
8,10,0.35714285714285715,7,150,0.5,5,0.3701653817381356,2,0.9967317263303472
8,10,0.35714285714285715,7,600,0.5,5,0.3701653817381356,2,0.9999999999999725
8,11,0.39285714285714285,0,15,0.36363636363636365,4,0.468509821082271,3,0.3316048834313312
8,11,0.39285714285714285,0,25,0.36363636363636365,4,0.468509821082271,3,0.6006582653508744
8,11,0.39285714285714285,0,50,0.36363636363636365,4,0.468509821082271,3,0.9208458245010779
8,11,0.39285714285714285,0,150,0.36363636363636365,4,0.468509821082271,3,0.9999824787370079
8,11,0.39285714285714285,0,600,0.36363636363636365,4,0.468509821082271,3,1.0
8,11,0.39285714285714285,1,15,0.5454545454545454,6,0.603445734866121,1,0.639401602215545
8,11,0.39285714285714285,1,25,0.5454545454545454,6,0.603445734866121,1,0.8927318550897778
8,11,0.39285714285714285,1,50,0.5454545454545454,6,0.603445734866121,1,0.9972637825459357
8,11,0.39285714285714285,1,150,0.5454545454545454,6,0.603445734866121,1,0.9999999999543302
8,11,0.39285714285714285,1,600,0.5454545454545454,6,0.603445734866121,1,1.0
8,11,0.39285714285714285,2,15,0.7272727272727273,8,0.45944832597332996,1,0.3771824731471348
8,11,0.39285714285714285,2,25,0.7272727272727273,8,0.45944832597332996,1,0.6239217251934098
8,11,0.39285714285714285,2,50,0.7272727272727273,8,0.45944832597332996,1,0.9204671711237198
8,11,0.39285714285714285,2,150,0.7272727272727273,8,0.45944832597332996,1,0.9999733448368592
8,11,0.39285714285714285,2,600,0.7272727272727273,8,0.45944832597332996,1,1.0
8,11,0.39285714285714285,3,15,0.7272727272727273,8,0.5296602538202618,2,0.4620562194904872
8,11,0.39285714285714285,3,25,0.7272727272727273,8,0.5296602538202618,2,0.7508392217178588
8,11,0.39285714285714285,3,50,0.7272727272727273,8,0.5296602538202618,2,0.9770157006631772
8,11,0.39285714285714285,3,150,0.7272727272727273,8,0.5296602538202618,2,0.9999998630957199
8,11,0.39285714285714285,3,600,0.7272727272727273,8,0.5296602538202618,2,1.0
8,11,0.39285714285714285,4,15,0.2727272727272727,3,0.28495110931039797,3,0.13989828573363405
8,11,0.39285714285714285,4,25,0.2727272727272727,3,0.28495110931039797,3,0.2474506451484379
8,11,0.39285714285714285,4,50,0.2727272727272727,3,0.28495110931039797,3,0.4936143324639639
8,11,0.39285714285714285,4,150,0.2727272727272727,3,0.28495110931039797,3,0.9402393724198296
8,11,0.39285714285714285,4,600,0.2727272727272727,3,0.28495110931039797,3,0.999999890586791
8,11,0.39285714285714285,5,15,0.36363636363636365,4,0.5753409252483974,2,0.5449112509344092
8,11,0.39285714285714285,5,25,0.36363636363636365,4,0.5753409252483974,2,0.834322369830561
8,11,0.39285714285714285,5,50,0.36363636363636365,4,0.5753409252483974,2,0.9925964608513245
8,11,0.39285714285714285,5,150,0.36363636363636365,4,0.5753409252483974,2,0.9999999985122294
8,11,0.39285714285714285,5,600,0.36363636363636365,4,0.5753409252483974,2,1.0
8,11,0.39285714285714285,6,15,0.45454545454545453,5,0.4477571282364154,1,0.3587840541523336
8,11,0.39285714285714285,6,25,0.45454545454545453,5,0.4477571282364154,1,0.598064343335217
8,11,0.39285714285714285,6,50,0.45454545454545453,5,0.4477571282364154,1,0.9046282531408898
8,11,0.39285714285714285,6,150,0.45454545454545453,5,0.4477571282364154,1,0.9999439417154088
8,11,0.39285714285714285,6,600,0.45454545454545453,5,0.4477571282364154,1,1.0
8,11,0.39285714285714285,7,15,0.45454545454545453,5,0.4578037468281998,1,0.374561341560655
8,11,0.39285714285714285,7,25,0.45454545454545453,5,0.4578037468281998,1,0.6202940713553786
8,11,0.39285714285714285,7,50,0.45454545454545453,5,0.4578037468281998,1,0.9183556619165822
8,11,0.39285714285714285,7,150,0.45454545454545453,5,0.4578037468281998,1,0.9999703343029064
8,11,0.39285714285714285,7,600,0.45454545454545453,5,0.4578037468281998,1,1.0
