run_id,timestamp_utc,method,model,level,seed,sample_index,baseline_seed,d,k,max_edges,density,true_edges,cpdag_directed,cpdag_undirected,opt_set_size,budget,interventions_used,sampled_edges,submit_directed,submit_undirected,skeleton_precision,skeleton_recall,skeleton_f1,compelled_precision,compelled_recall,compelled_f1,directed_precision,directed_recall,directed_f1,dag_shd,efficiency
20260423T095623Z,2026-04-23T09:56:23.352328+00:00,random_uniform,baseline,0,1276453582,0,12345,4,3,6,0.5,3,0,3,1,3,0,1,1,0,1.0,0.3333333333333333,0.5,1.0,1.0,1.0,0.0,0.0,0.0,3,1.0
20260423T095623Z,2026-04-23T09:56:23.352460+00:00,random_uniform,baseline,0,1276453582,1,12345,4,3,6,0.5,3,0,3,1,3,0,6,6,0,0.5,1.0,0.6666666666666666,1.0,1.0,1.0,0.16666666666666666,0.3333333333333333,0.2222222222222222,5,1.0
20260423T095623Z,2026-04-23T09:56:23.352566+00:00,random_uniform,baseline,0,1276453582,2,12345,4,3,6,0.5,3,0,3,1,3,0,3,3,0,0.6666666666666666,0.6666666666666666,0.6666666666666666,1.0,1.0,1.0,0.3333333333333333,0.3333333333333333,0.3333333333333333,3,1.0
20260423T095623Z,2026-04-23T09:56:23.352665+00:00,random_uniform,baseline,0,1276453582,3,12345,4,3,6,0.5,3,0,3,1,3,0,4,4,0,0.5,0.6666666666666666,0.5714285714285715,1.0,1.0,1.0,0.0,0.0,0.0,5,1.0
20260423T095623Z,2026-04-23T09:56:23.352736+00:00,random_uniform,baseline,0,1276453582,4,12345,4,3,6,0.5,3,0,3,1,3,0,0,0,0,1.0,0.0,0.0,1.0,1.0,1.0,1.0,0.0,0.0,3,1.0
20260423T095623Z,2026-04-23T09:56:23.353485+00:00,random_uniform,baseline,0,27998312,0,12345,4,3,6,0.5,3,0,3,1,3,0,1,1,0,1.0,0.3333333333333333,0.5,1.0,1.0,1.0,1.0,0.3333333333333333,0.5,2,1.0
20260423T095623Z,2026-04-23T09:56:23.353592+00:00,random_uniform,baseline,0,27998312,1,12345,4,3,6,0.5,3,0,3,1,3,0,4,4,0,0.5,0.6666666666666666,0.5714285714285715,1.0,1.0,1.0,0.25,0.3333333333333333,0.28571428571428575,4,1.0
20260423T095623Z,2026-04-23T09:56:23.353687+00:00,random_uniform,baseline,0,27998312,2,12345,4,3,6,0.5,3,0,3,1,3,0,2,2,0,0.0,0.0,0.0,1.0,1.0,1.0,0.0,0.0,0.0,5,1.0
20260423T095623Z,2026-04-23T09:56:23.353764+00:00,random_uniform,baseline,0,27998312,3,12345,4,3,6,0.5,3,0,3,1,3,0,0,0,0,1.0,0.0,0.0,1.0,1.0,1.0,1.0,0.0,0.0,3,1.0
20260423T095623Z,2026-04-23T09:56:23.353857+00:00,random_uniform,baseline,0,27998312,4,12345,4,3,6,0.5,3,0,3,1,3,0,2,2,0,1.0,0.6666666666666666,0.8,1.0,1.0,1.0,0.5,0.3333333333333333,0.4,2,1.0
20260423T095623Z,2026-04-23T09:56:23.355126+00:00,random_uniform,baseline,1,931551983,0,12345,6,6,15,0.4,6,2,4,2,3,0,6,6,0,0.3333333333333333,0.3333333333333333,0.3333333333333333,1.0,0.0,0.0,0.0,0.0,0.0,10,1.0
20260423T095623Z,2026-04-23T09:56:23.355249+00:00,random_uniform,baseline,1,931551983,1,12345,6,6,15,0.4,6,2,4,2,3,0,14,14,0,0.42857142857142855,1.0,0.6,1.0,1.0,1.0,0.35714285714285715,0.8333333333333334,0.5,9,1.0
20260423T095623Z,2026-04-23T09:56:23.355365+00:00,random_uniform,baseline,1,931551983,2,12345,6,6,15,0.4,6,2,4,2,3,0,14,14,0,0.42857142857142855,1.0,0.6,1.0,1.0,1.0,0.21428571428571427,0.5,0.3,11,1.0
20260423T095623Z,2026-04-23T09:56:23.355439+00:00,random_uniform,baseline,1,931551983,3,12345,6,6,15,0.4,6,2,4,2,3,0,0,0,0,1.0,0.0,0.0,1.0,0.0,0.0,1.0,0.0,0.0,6,1.0
20260423T095623Z,2026-04-23T09:56:23.355550+00:00,random_uniform,baseline,1,931551983,4,12345,6,6,15,0.4,6,2,4,2,3,0,10,10,0,0.2,0.3333333333333333,0.25,0.0,0.0,0.0,0.0,0.0,0.0,14,1.0
20260423T095623Z,2026-04-23T09:56:23.356905+00:00,random_uniform,baseline,1,974369856,0,12345,6,6,15,0.4,6,2,4,2,3,0,15,15,0,0.4,1.0,0.5714285714285715,0.5,0.5,0.5,0.26666666666666666,0.6666666666666666,0.3809523809523809,11,1.0
20260423T095623Z,2026-04-23T09:56:23.357005+00:00,random_uniform,baseline,1,974369856,1,12345,6,6,15,0.4,6,2,4,2,3,0,1,1,0,1.0,0.16666666666666666,0.2857142857142857,1.0,0.0,0.0,1.0,0.16666666666666666,0.2857142857142857,5,1.0
20260423T095623Z,2026-04-23T09:56:23.357122+00:00,random_uniform,baseline,1,974369856,2,12345,6,6,15,0.4,6,2,4,2,3,0,7,7,0,0.42857142857142855,0.5,0.4615384615384615,0.0,0.0,0.0,0.2857142857142857,0.3333333333333333,0.30769230769230765,8,1.0
20260423T095623Z,2026-04-23T09:56:23.357222+00:00,random_uniform,baseline,1,974369856,3,12345,6,6,15,0.4,6,2,4,2,3,0,4,4,0,0.5,0.3333333333333333,0.4,1.0,0.5,0.6666666666666666,0.25,0.16666666666666666,0.2,7,1.0
20260423T095623Z,2026-04-23T09:56:23.357293+00:00,random_uniform,baseline,1,974369856,4,12345,6,6,15,0.4,6,2,4,2,3,0,0,0,0,1.0,0.0,0.0,1.0,0.0,0.0,1.0,0.0,0.0,6,1.0
20260423T095623Z,2026-04-23T09:56:23.358535+00:00,random_uniform,baseline,2,1539978433,0,12345,8,9,28,0.32142857142857145,9,6,3,1,2,0,11,11,0,0.18181818181818182,0.2222222222222222,0.19999999999999998,0.0,0.0,0.0,0.09090909090909091,0.1111111111111111,0.09999999999999999,17,1.0
20260423T095623Z,2026-04-23T09:56:23.358667+00:00,random_uniform,baseline,2,1539978433,1,12345,8,9,28,0.32142857142857145,9,6,3,1,2,0,18,18,0,0.2777777777777778,0.5555555555555556,0.3703703703703704,0.5,0.3333333333333333,0.4,0.16666666666666666,0.3333333333333333,0.2222222222222222,19,1.0
20260423T095623Z,2026-04-23T09:56:23.358800+00:00,random_uniform,baseline,2,1539978433,2,12345,8,9,28,0.32142857142857145,9,6,3,1,2,0,19,19,0,0.3157894736842105,0.6666666666666666,0.42857142857142855,0.4,0.3333333333333333,0.3636363636363636,0.10526315789473684,0.2222222222222222,0.14285714285714285,20,1.0
20260423T095623Z,2026-04-23T09:56:23.358898+00:00,random_uniform,baseline,2,1539978433,3,12345,8,9,28,0.32142857142857145,9,6,3,1,2,0,1,1,0,0.0,0.0,0.0,1.0,0.0,0.0,0.0,0.0,0.0,10,1.0
20260423T095623Z,2026-04-23T09:56:23.359027+00:00,random_uniform,baseline,2,1539978433,4,12345,8,9,28,0.32142857142857145,9,6,3,1,2,0,20,20,0,0.4,0.8888888888888888,0.5517241379310346,0.4,0.3333333333333333,0.3636363636363636,0.2,0.4444444444444444,0.2758620689655173,17,1.0
20260423T095623Z,2026-04-23T09:56:23.360546+00:00,random_uniform,baseline,2,868078822,0,12345,8,9,28,0.32142857142857145,9,3,6,1,2,0,21,21,0,0.3333333333333333,0.7777777777777778,0.4666666666666666,0.0,0.0,0.0,0.14285714285714285,0.3333333333333333,0.2,20,1.0
20260423T095623Z,2026-04-23T09:56:23.360652+00:00,random_uniform,baseline,2,868078822,1,12345,8,9,28,0.32142857142857145,9,3,6,1,2,0,1,1,0,1.0,0.1111111111111111,0.19999999999999998,1.0,0.0,0.0,0.0,0.0,0.0,9,1.0
20260423T095623Z,2026-04-23T09:56:23.360763+00:00,random_uniform,baseline,2,868078822,2,12345,8,9,28,0.32142857142857145,9,3,6,1,2,0,9,9,0,0.5555555555555556,0.5555555555555556,0.5555555555555556,1.0,0.3333333333333333,0.5,0.4444444444444444,0.4444444444444444,0.4444444444444444,9,1.0
20260423T095623Z,2026-04-23T09:56:23.360891+00:00,random_uniform,baseline,2,868078822,3,12345,8,9,28,0.32142857142857145,9,3,6,1,2,0,20,20,0,0.25,0.5555555555555556,0.3448275862068966,0.0,0.0,0.0,0.1,0.2222222222222222,0.13793103448275865,22,1.0
20260423T095623Z,2026-04-23T09:56:23.361031+00:00,random_uniform,baseline,2,868078822,4,12345,8,9,28,0.32142857142857145,9,3,6,1,2,0,28,28,0,0.32142857142857145,1.0,0.4864864864864865,0.3333333333333333,0.3333333333333333,0.3333333333333333,0.10714285714285714,0.3333333333333333,0.16216216216216214,25,1.0
20260423T095623Z,2026-04-23T09:56:23.362787+00:00,random_uniform,baseline,3,452641024,0,12345,10,12,45,0.26666666666666666,12,10,2,2,3,0,23,23,0,0.30434782608695654,0.5833333333333334,0.4,0.6666666666666666,0.4,0.5,0.17391304347826086,0.3333333333333333,0.22857142857142854,24,1.0
20260423T095623Z,2026-04-23T09:56:23.362935+00:00,random_uniform,baseline,3,452641024,1,12345,10,12,45,0.26666666666666666,12,10,2,2,3,0,24,24,0,0.3333333333333333,0.6666666666666666,0.4444444444444444,0.3333333333333333,0.2,0.25,0.16666666666666666,0.3333333333333333,0.2222222222222222,24,1.0
20260423T095623Z,2026-04-23T09:56:23.363081+00:00,random_uniform,baseline,3,452641024,2,12345,10,12,45,0.26666666666666666,12,10,2,2,3,0,23,23,0,0.2608695652173913,0.5,0.3428571428571428,0.4,0.2,0.26666666666666666,0.13043478260869565,0.25,0.1714285714285714,26,1.0
20260423T095623Z,2026-04-23T09:56:23.363248+00:00,random_uniform,baseline,3,452641024,3,12345,10,12,45,0.26666666666666666,12,10,2,2,3,0,42,42,0,0.2619047619047619,0.9166666666666666,0.4074074074074074,0.3333333333333333,0.3,0.3157894736842105,0.09523809523809523,0.3333333333333333,0.14814814814814814,39,1.0
20260423T095623Z,2026-04-23T09:56:23.363366+00:00,random_uniform,baseline,3,452641024,4,12345,10,12,45,0.26666666666666666,12,10,2,2,3,0,8,8,0,0.25,0.16666666666666666,0.2,0.5,0.1,0.16666666666666669,0.125,0.08333333333333333,0.1,17,1.0
20260423T095623Z,2026-04-23T09:56:23.366216+00:00,random_uniform,baseline,3,963592850,0,12345,10,12,45,0.26666666666666666,12,10,2,2,3,0,7,7,0,0.2857142857142857,0.16666666666666666,0.2105263157894737,0.0,0.0,0.0,0.0,0.0,0.0,17,1.0
20260423T095623Z,2026-04-23T09:56:23.366395+00:00,random_uniform,baseline,3,963592850,1,12345,10,12,45,0.26666666666666666,12,10,2,2,3,0,21,21,0,0.3333333333333333,0.5833333333333334,0.4242424242424242,0.4,0.2,0.26666666666666666,0.14285714285714285,0.25,0.18181818181818182,23,1.0
20260423T095623Z,2026-04-23T09:56:23.366528+00:00,random_uniform,baseline,3,963592850,2,12345,10,12,45,0.26666666666666666,12,10,2,2,3,0,6,6,0,0.16666666666666666,0.08333333333333333,0.1111111111111111,1.0,0.1,0.18181818181818182,0.16666666666666666,0.08333333333333333,0.1111111111111111,16,1.0
20260423T095623Z,2026-04-23T09:56:23.366701+00:00,random_uniform,baseline,3,963592850,3,12345,10,12,45,0.26666666666666666,12,10,2,2,3,0,45,45,0,0.26666666666666666,1.0,0.4210526315789474,0.5,0.5,0.5,0.1111111111111111,0.4166666666666667,0.17543859649122806,40,1.0
20260423T095623Z,2026-04-23T09:56:23.366839+00:00,random_uniform,baseline,3,963592850,4,12345,10,12,45,0.26666666666666666,12,10,2,2,3,0,14,14,0,0.35714285714285715,0.4166666666666667,0.3846153846153846,0.25,0.1,0.14285714285714288,0.07142857142857142,0.08333333333333333,0.07692307692307691,20,1.0
20260423T095623Z,2026-04-23T09:56:23.369683+00:00,random_uniform,baseline,4,1257633785,0,12345,12,14,66,0.21212121212121213,14,9,5,2,3,0,56,56,0,0.21428571428571427,0.8571428571428571,0.34285714285714286,0.625,0.5555555555555556,0.5882352941176471,0.16071428571428573,0.6428571428571429,0.2571428571428572,49,1.0
20260423T095623Z,2026-04-23T09:56:23.369868+00:00,random_uniform,baseline,4,1257633785,1,12345,12,14,66,0.21212121212121213,14,9,5,2,3,0,37,37,0,0.16216216216216217,0.42857142857142855,0.23529411764705885,0.6666666666666666,0.2222222222222222,0.3333333333333333,0.08108108108108109,0.21428571428571427,0.11764705882352942,42,1.0
20260423T095623Z,2026-04-23T09:56:23.370008+00:00,random_uniform,baseline,4,1257633785,2,12345,12,14,66,0.21212121212121213,14,9,5,2,3,0,17,17,0,0.058823529411764705,0.07142857142857142,0.06451612903225808,1.0,0.1111111111111111,0.19999999999999998,0.058823529411764705,0.07142857142857142,0.06451612903225808,29,1.0
20260423T095623Z,2026-04-23T09:56:23.370129+00:00,random_uniform,baseline,4,1257633785,3,12345,12,14,66,0.21212121212121213,14,9,5,2,3,0,8,8,0,0.375,0.21428571428571427,0.2727272727272727,0.0,0.0,0.0,0.0,0.0,0.0,19,1.0
20260423T095623Z,2026-04-23T09:56:23.370299+00:00,random_uniform,baseline,4,1257633785,4,12345,12,14,66,0.21212121212121213,14,9,5,2,3,0,40,40,0,0.325,0.9285714285714286,0.48148148148148157,0.875,0.7777777777777778,0.823529411764706,0.225,0.6428571428571429,0.33333333333333337,32,1.0
20260423T095623Z,2026-04-23T09:56:23.375100+00:00,random_uniform,baseline,4,1100146725,0,12345,12,14,66,0.21212121212121213,14,10,4,2,3,0,1,1,0,1.0,0.07142857142857142,0.13333333333333333,0.0,0.0,0.0,0.0,0.0,0.0,14,1.0
20260423T095623Z,2026-04-23T09:56:23.375311+00:00,random_uniform,baseline,4,1100146725,1,12345,12,14,66,0.21212121212121213,14,10,4,2,3,0,56,56,0,0.21428571428571427,0.8571428571428571,0.34285714285714286,0.6666666666666666,0.6,0.631578947368421,0.14285714285714285,0.5714285714285714,0.2285714285714286,50,1.0
20260423T095623Z,2026-04-23T09:56:23.375512+00:00,random_uniform,baseline,4,1100146725,2,12345,12,14,66,0.21212121212121213,14,10,4,2,3,0,56,56,0,0.21428571428571427,0.8571428571428571,0.34285714285714286,0.25,0.2,0.22222222222222224,0.07142857142857142,0.2857142857142857,0.1142857142857143,54,1.0
20260423T095623Z,2026-04-23T09:56:23.375729+00:00,random_uniform,baseline,4,1100146725,3,12345,12,14,66,0.21212121212121213,14,10,4,2,3,0,61,61,0,0.19672131147540983,0.8571428571428571,0.32000000000000006,0.3333333333333333,0.3,0.3157894736842105,0.06557377049180328,0.2857142857142857,0.10666666666666666,59,1.0
20260423T095623Z,2026-04-23T09:56:23.375850+00:00,random_uniform,baseline,4,1100146725,4,12345,12,14,66,0.21212121212121213,14,10,4,2,3,0,5,5,0,0.0,0.0,0.0,1.0,0.0,0.0,0.0,0.0,0.0,19,1.0
20260423T095623Z,2026-04-23T09:56:23.381026+00:00,random_uniform,baseline,5,1910407594,0,12345,10,12,45,0.26666666666666666,12,2,10,3,3,0,17,17,0,0.23529411764705882,0.3333333333333333,0.27586206896551724,1.0,0.5,0.6666666666666666,0.17647058823529413,0.25,0.20689655172413793,22,1.0
20260423T095623Z,2026-04-23T09:56:23.381222+00:00,random_uniform,baseline,5,1910407594,1,12345,10,12,45,0.26666666666666666,12,2,10,3,3,0,40,40,0,0.225,0.75,0.3461538461538462,1.0,0.5,0.6666666666666666,0.1,0.3333333333333333,0.15384615384615383,39,1.0
20260423T095623Z,2026-04-23T09:56:23.381349+00:00,random_uniform,baseline,5,1910407594,2,12345,10,12,45,0.26666666666666666,12,2,10,3,3,0,6,6,0,0.16666666666666666,0.08333333333333333,0.1111111111111111,1.0,0.0,0.0,0.0,0.0,0.0,17,1.0
20260423T095623Z,2026-04-23T09:56:23.381522+00:00,random_uniform,baseline,5,1910407594,3,12345,10,12,45,0.26666666666666666,12,2,10,3,3,0,41,41,0,0.24390243902439024,0.8333333333333334,0.37735849056603776,1.0,1.0,1.0,0.07317073170731707,0.25,0.11320754716981131,40,1.0
20260423T095623Z,2026-04-23T09:56:23.381681+00:00,random_uniform,baseline,5,1910407594,4,12345,10,12,45,0.26666666666666666,12,2,10,3,3,0,21,21,0,0.19047619047619047,0.3333333333333333,0.24242424242424246,1.0,0.0,0.0,0.09523809523809523,0.16666666666666666,0.12121212121212123,27,1.0
20260423T095623Z,2026-04-23T09:56:23.383599+00:00,random_uniform,baseline,5,746528573,0,12345,10,12,45,0.26666666666666666,12,7,5,2,2,0,23,23,0,0.2608695652173913,0.5,0.3428571428571428,0.3333333333333333,0.14285714285714285,0.2,0.13043478260869565,0.25,0.1714285714285714,26,1.0
20260423T095623Z,2026-04-23T09:56:23.383753+00:00,random_uniform,baseline,5,746528573,1,12345,10,12,45,0.26666666666666666,12,7,5,2,2,0,9,9,0,0.1111111111111111,0.08333333333333333,0.09523809523809525,1.0,0.0,0.0,0.1111111111111111,0.08333333333333333,0.09523809523809525,19,1.0
20260423T095623Z,2026-04-23T09:56:23.383900+00:00,random_uniform,baseline,5,746528573,2,12345,10,12,45,0.26666666666666666,12,7,5,2,2,0,12,12,0,0.25,0.25,0.25,1.0,0.14285714285714285,0.25,0.16666666666666666,0.16666666666666666,0.16666666666666666,19,1.0
20260423T095623Z,2026-04-23T09:56:23.383988+00:00,random_uniform,baseline,5,746528573,3,12345,10,12,45,0.26666666666666666,12,7,5,2,2,0,0,0,0,1.0,0.0,0.0,1.0,0.0,0.0,1.0,0.0,0.0,12,1.0
20260423T095623Z,2026-04-23T09:56:23.384147+00:00,random_uniform,baseline,5,746528573,4,12345,10,12,45,0.26666666666666666,12,7,5,2,2,0,28,28,0,0.25,0.5833333333333334,0.35000000000000003,0.3333333333333333,0.14285714285714285,0.2,0.14285714285714285,0.3333333333333333,0.2,29,1.0
